species,output_name,source_path,output_path,original_width,original_height,crop_box,cropped,mask_reason,flipped,flip_confidence,output_width,output_height
camel,camel_0001.jpg,D:\CSDLDPT\data\camel\camel_0001.jpg,D:\CSDLDPT\data_aligned\camel\camel_0001.jpg,800,623,"46,12,800,603",True,light_background,True,0.4452,224,224
camel,camel_0002.jpg,D:\CSDLDPT\data\camel\camel_0026.jpg,D:\CSDLDPT\data_aligned\camel\camel_0002.jpg,600,600,"0,162,578,580",True,grabcut_background,False,0.0723,224,224
camel,camel_0003.jpg,D:\CSDLDPT\data\camel\camel_0029.jpg,D:\CSDLDPT\data_aligned\camel\camel_0003.jpg,500,273,"91,3,397,273",True,light_background,False,0.0906,224,224
camel,camel_0004.jpg,D:\CSDLDPT\data\camel\camel_0079.png,D:\CSDLDPT\data_aligned\camel\camel_0004.jpg,1536,1024,"0,0,1377,1024",True,grabcut_background,False,0.4647,224,224
camel,camel_0005.jpg,D:\CSDLDPT\data\camel\camel_0108.jpg,D:\CSDLDPT\data_aligned\camel\camel_0005.jpg,450,302,"32,0,439,302",True,grabcut_background,False,0.2517,224,224
camel,camel_0006.jpg,D:\CSDLDPT\data\camel\camel_0116.jpg,D:\CSDLDPT\data_aligned\camel\camel_0006.jpg,1900,1267,"164,242,1327,1234",True,grabcut_background,True,0.1578,224,224
camel,camel_0007.jpg,D:\CSDLDPT\data\camel\camel_0136.png,D:\CSDLDPT\data_aligned\camel\camel_0007.jpg,1456,832,"261,147,1114,822",True,grabcut_background,True,0.1488,224,224
camel,camel_0008.jpg,D:\CSDLDPT\data\camel\camel_0156.jpg,D:\CSDLDPT\data_aligned\camel\camel_0008.jpg,1080,1604,"0,0,1062,1604",True,grabcut_background,False,0.0175,224,224
camel,camel_0009.jpg,D:\CSDLDPT\data\camel\camel_0179.jpg,D:\CSDLDPT\data_aligned\camel\camel_0009.jpg,384,512,"0,125,378,479",True,grabcut_background,False,0.3549,224,224
camel,camel_0010.jpg,D:\CSDLDPT\data\camel\camel_0192.jpg,D:\CSDLDPT\data_aligned\camel\camel_0010.jpg,1024,698,"62,69,940,634",True,grabcut_background,False,0.0379,224,224
camel,camel_0011.jpg,D:\CSDLDPT\data\camel\camel_0254.jpg,D:\CSDLDPT\data_aligned\camel\camel_0011.jpg,768,960,"48,243,657,816",True,grabcut_background,True,0.2898,224,224
camel,camel_0012.jpg,D:\CSDLDPT\data\camel\camel_0282.jpg,D:\CSDLDPT\data_aligned\camel\camel_0012.jpg,1000,667,"139,18,1000,662",True,light_background,True,0.1912,224,224
camel,camel_0013.jpg,D:\CSDLDPT\data\camel\camel_0362.jpg,D:\CSDLDPT\data_aligned\camel\camel_0013.jpg,768,960,"0,203,703,784",True,grabcut_background,False,0.1261,224,224
camel,camel_0014.jpg,D:\CSDLDPT\data\camel\download.jpg,D:\CSDLDPT\data_aligned\camel\camel_0014.jpg,720,540,"111,0,720,540",True,grabcut_background,True,0.3828,224,224
camel,camel_0015.jpg,D:\CSDLDPT\data\camel\download1.jpg,D:\CSDLDPT\data_aligned\camel\camel_0015.jpg,735,490,"137,85,621,443",True,grabcut_background,True,0.4447,224,224
camel,camel_0016.jpg,D:\CSDLDPT\data\camel\Dromedary camel.jpg,D:\CSDLDPT\data_aligned\camel\camel_0016.jpg,736,736,"1,100,736,736",True,grabcut_background,True,0.2504,224,224
camel,camel_0017.jpg,D:\CSDLDPT\data\camel\Верблюд.jpg,D:\CSDLDPT\data_aligned\camel\camel_0017.jpg,736,414,"72,0,672,403",True,grabcut_background,True,0.2954,224,224
cat,cat_0001.jpg,D:\CSDLDPT\data\cat\cat_0018.jpg,D:\CSDLDPT\data_aligned\cat\cat_0001.jpg,600,398,"103,0,468,398",True,grabcut_background,False,0.0630,224,224
cat,cat_0002.jpg,D:\CSDLDPT\data\cat\cat_0030.jpg,D:\CSDLDPT\data_aligned\cat\cat_0002.jpg,700,513,"116,0,675,513",True,grabcut_background,False,0.0434,224,224
cat,cat_0003.jpg,D:\CSDLDPT\data\cat\cat_0031.jpg,D:\CSDLDPT\data_aligned\cat\cat_0003.jpg,700,490,"52,56,700,485",True,grabcut_background,True,0.1134,224,224
cat,cat_0004.jpg,D:\CSDLDPT\data\cat\cat_0050.png,D:\CSDLDPT\data_aligned\cat\cat_0004.jpg,645,380,"33,0,565,380",True,grabcut_background,False,0.4208,224,224
cat,cat_0005.jpg,D:\CSDLDPT\data\cat\cat_0067.jpg,D:\CSDLDPT\data_aligned\cat\cat_0005.jpg,500,333,"29,0,435,329",True,grabcut_background,False,0.0279,224,224
cat,cat_0006.jpg,D:\CSDLDPT\data\cat\cat_0092.jpg,D:\CSDLDPT\data_aligned\cat\cat_0006.jpg,2048,1463,"176,0,2048,1463",True,grabcut_background,False,0.0740,224,224
cat,cat_0007.jpg,D:\CSDLDPT\data\cat\cat_0094.jpg,D:\CSDLDPT\data_aligned\cat\cat_0007.jpg,1000,727,"116,51,953,727",True,light_background,True,0.4590,224,224
cat,cat_0008.jpg,D:\CSDLDPT\data\cat\cat_0107.jpg,D:\CSDLDPT\data_aligned\cat\cat_0008.jpg,876,804,"24,18,876,804",True,grabcut_background,True,0.4459,224,224
cat,cat_0009.jpg,D:\CSDLDPT\data\cat\cat_0109.jpg,D:\CSDLDPT\data_aligned\cat\cat_0009.jpg,457,373,"0,0,457,373",False,light_background,True,0.5185,224,224
cat,cat_0010.jpg,D:\CSDLDPT\data\cat\cat_0117.jpg,D:\CSDLDPT\data_aligned\cat\cat_0010.jpg,1600,1912,"0,0,1525,1912",True,light_background,True,0.2141,224,224
cat,cat_0011.jpg,D:\CSDLDPT\data\cat\cat_0118.jpg,D:\CSDLDPT\data_aligned\cat\cat_0011.jpg,800,798,"2,116,800,798",True,light_background,False,0.2337,224,224
cat,cat_0012.jpg,D:\CSDLDPT\data\cat\cat_0131.jpg,D:\CSDLDPT\data_aligned\cat\cat_0012.jpg,1124,1104,"0,0,1066,1104",True,light_background,False,0.1661,224,224
cat,cat_0013.jpg,D:\CSDLDPT\data\cat\cat_0140.jpg,D:\CSDLDPT\data_aligned\cat\cat_0013.jpg,600,429,"25,12,600,429",True,light_background,True,0.6124,224,224
cat,cat_0014.jpg,D:\CSDLDPT\data\cat\cat_0146.jpg,D:\CSDLDPT\data_aligned\cat\cat_0014.jpg,1024,683,"36,0,1011,683",True,grabcut_background,False,0.0515,224,224
cat,cat_0015.jpg,D:\CSDLDPT\data\cat\cat_0153.jpg,D:\CSDLDPT\data_aligned\cat\cat_0015.jpg,768,765,"0,10,751,765",True,light_background,False,0.0583,224,224
cat,cat_0016.jpg,D:\CSDLDPT\data\cat\cat_0367.png,D:\CSDLDPT\data_aligned\cat\cat_0016.jpg,800,533,"0,0,790,533",True,light_background,True,0.2058,224,224
cat,cat_0017.jpg,D:\CSDLDPT\data\cat\cat_0382.jpg,D:\CSDLDPT\data_aligned\cat\cat_0017.jpg,1000,700,"0,40,936,700",True,light_background,False,0.6010,224,224
cat,cat_0018.jpg,D:\CSDLDPT\data\cat\cat_0415.jpg,D:\CSDLDPT\data_aligned\cat\cat_0018.jpg,576,512,"6,7,576,503",True,grabcut_background,True,0.7765,224,224
cat,cat_0019.jpg,D:\CSDLDPT\data\cat\cat_0453.jpg,D:\CSDLDPT\data_aligned\cat\cat_0019.jpg,215,200,"0,0,197,200",True,light_background,False,0.0762,224,224
cat,cat_0020.jpg,D:\CSDLDPT\data\cat\istockphoto-1493596363-612x612.jpg,D:\CSDLDPT\data_aligned\cat\cat_0020.jpg,612,408,"0,26,545,408",True,grabcut_background,True,0.1626,224,224
cat,cat_0021.jpg,D:\CSDLDPT\data\cat\istockphoto-1835504092-612x612.jpg,D:\CSDLDPT\data_aligned\cat\cat_0021.jpg,612,414,"50,12,510,414",True,grabcut_background,False,0.1119,224,224
cat,cat_0022.jpg,D:\CSDLDPT\data\cat\istockphoto-92075093-612x612.jpg,D:\CSDLDPT\data_aligned\cat\cat_0022.jpg,612,408,"0,69,447,392",True,grabcut_background,False,0.0123,224,224
cat,cat_0023.jpg,D:\CSDLDPT\data\cat\Screenshot 2026-04-01 091727.jpg,D:\CSDLDPT\data_aligned\cat\cat_0023.jpg,1030,591,"101,68,847,591",True,grabcut_background,False,0.2201,224,224
cow,cow_0001.jpg,D:\CSDLDPT\data\cow\101.jpg,D:\CSDLDPT\data_aligned\cow\cow_0001.jpg,474,315,"0,0,474,315",True,grabcut_background,True,0.1003,224,224
cow,cow_0002.jpg,D:\CSDLDPT\data\cow\102.jpg,D:\CSDLDPT\data_aligned\cow\cow_0002.jpg,343,251,"15,25,335,251",True,grabcut_background,True,0.1573,224,224
cow,cow_0003.jpg,D:\CSDLDPT\data\cow\103.jpg,D:\CSDLDPT\data_aligned\cow\cow_0003.jpg,370,252,"0,0,370,252",True,grabcut_background,True,0.2133,224,224
cow,cow_0004.jpg,D:\CSDLDPT\data\cow\104.jpg,D:\CSDLDPT\data_aligned\cow\cow_0004.jpg,388,360,"7,23,386,343",True,light_background,False,0.0358,224,224
cow,cow_0005.jpg,D:\CSDLDPT\data\cow\105.jpg,D:\CSDLDPT\data_aligned\cow\cow_0005.jpg,380,212,"0,0,380,212",False,light_background,False,0.0582,224,224
cow,cow_0006.jpg,D:\CSDLDPT\data\cow\108.jpg,D:\CSDLDPT\data_aligned\cow\cow_0006.jpg,328,239,"9,0,328,239",True,grabcut_background,False,0.0628,224,224
cow,cow_0007.jpg,D:\CSDLDPT\data\cow\111.jpg,D:\CSDLDPT\data_aligned\cow\cow_0007.jpg,474,315,"8,19,472,315",True,grabcut_background,True,0.0964,224,224
cow,cow_0008.jpg,D:\CSDLDPT\data\cow\cow_0050.jpg,D:\CSDLDPT\data_aligned\cow\cow_0008.jpg,800,451,"0,0,800,451",True,light_background,True,0.2453,224,224
cow,cow_0009.jpg,D:\CSDLDPT\data\cow\cow_0051.jpg,D:\CSDLDPT\data_aligned\cow\cow_0009.jpg,800,634,"40,19,753,634",True,light_background,True,0.2937,224,224
cow,cow_0010.jpg,D:\CSDLDPT\data\cow\cow_0056.jpg,D:\CSDLDPT\data_aligned\cow\cow_0010.jpg,2048,1462,"0,0,2048,1462",True,grabcut_background,False,0.1942,224,224
cow,cow_0011.jpg,D:\CSDLDPT\data\cow\cow_0130.png,D:\CSDLDPT\data_aligned\cow\cow_0011.jpg,1470,980,"51,0,1319,980",True,grabcut_background,False,0.1890,224,224
cow,cow_0012.jpg,D:\CSDLDPT\data\cow\cow_0144.jpg,D:\CSDLDPT\data_aligned\cow\cow_0012.jpg,760,533,"27,16,741,533",True,grabcut_background,True,0.3178,224,224
cow,cow_0013.jpg,D:\CSDLDPT\data\cow\cow_0279.jpg,D:\CSDLDPT\data_aligned\cow\cow_0013.jpg,1024,1024,"0,28,1024,898",True,grabcut_background,False,0.2932,224,224
cow,cow_0014.jpg,D:\CSDLDPT\data\cow\cow_0390.jpg,D:\CSDLDPT\data_aligned\cow\cow_0014.jpg,620,599,"105,165,562,477",True,grabcut_background,False,0.2829,224,224
cow,cow_0015.jpg,D:\CSDLDPT\data\cow\cow_0404.jpg,D:\CSDLDPT\data_aligned\cow\cow_0015.jpg,1200,1197,"47,340,1169,1057",True,grabcut_background,False,0.0316,224,224
cow,cow_0016.jpg,D:\CSDLDPT\data\cow\cow_0463.jpg,D:\CSDLDPT\data_aligned\cow\cow_0016.jpg,620,1102,"0,303,620,872",True,grabcut_background,False,0.0425,224,224
cow,cow_0017.jpg,D:\CSDLDPT\data\cow\cow_0468.png,D:\CSDLDPT\data_aligned\cow\cow_0017.jpg,1024,1024,"61,298,954,964",True,grabcut_background,False,0.1400,224,224
cow,cow_0018.jpg,D:\CSDLDPT\data\cow\download.jpg,D:\CSDLDPT\data_aligned\cow\cow_0018.jpg,735,719,"1,49,735,620",True,light_background,True,0.1224,224,224
deer,deer_0001.jpg,D:\CSDLDPT\data\deer\b03a818a-72f0-40ff-832f-b14dcc6b584a_thumbnail.jpg,D:\CSDLDPT\data_aligned\deer\deer_0001.jpg,400,400,"0,11,400,400",True,grabcut_background,False,0.4127,224,224
deer,deer_0002.jpg,D:\CSDLDPT\data\deer\deer_0003.jpg,D:\CSDLDPT\data_aligned\deer\deer_0002.jpg,428,626,"33,189,428,524",True,light_background,False,0.0957,224,224
deer,deer_0003.jpg,D:\CSDLDPT\data\deer\deer_0076.jpg,D:\CSDLDPT\data_aligned\deer\deer_0003.jpg,1200,800,"87,144,847,800",True,grabcut_background,False,0.1024,224,224
deer,deer_0004.jpg,D:\CSDLDPT\data\deer\deer_0088.jpg,D:\CSDLDPT\data_aligned\deer\deer_0004.jpg,1290,1699,"89,249,1143,1664",True,grabcut_background,True,0.1304,224,224
deer,deer_0005.jpg,D:\CSDLDPT\data\deer\deer_0099.jpg,D:\CSDLDPT\data_aligned\deer\deer_0005.jpg,580,870,"50,183,580,813",True,grabcut_background,True,0.3709,224,224
deer,deer_0006.jpg,D:\CSDLDPT\data\deer\deer_0100.png,D:\CSDLDPT\data_aligned\deer\deer_0006.jpg,1024,1536,"121,192,1024,1311",True,grabcut_background,True,0.2078,224,224
deer,deer_0007.jpg,D:\CSDLDPT\data\deer\deer_0120.jpg,D:\CSDLDPT\data_aligned\deer\deer_0007.jpg,1200,675,"196,38,799,608",True,grabcut_background,False,0.2272,224,224
deer,deer_0008.jpg,D:\CSDLDPT\data\deer\deer_0158.jpg,D:\CSDLDPT\data_aligned\deer\deer_0008.jpg,495,619,"33,89,434,619",True,grabcut_background,False,0.0482,224,224
deer,deer_0009.jpg,D:\CSDLDPT\data\deer\deer_0192.jpg,D:\CSDLDPT\data_aligned\deer\deer_0009.jpg,500,448,"35,15,496,448",True,grabcut_background,True,0.3378,224,224
deer,deer_0010.jpg,D:\CSDLDPT\data\deer\deer_0207.jpg,D:\CSDLDPT\data_aligned\deer\deer_0010.jpg,800,533,"227,20,759,533",True,grabcut_background,True,0.1999,224,224
deer,deer_0011.jpg,D:\CSDLDPT\data\deer\deer_0217.jpg,D:\CSDLDPT\data_aligned\deer\deer_0011.jpg,500,333,"10,0,389,333",True,grabcut_background,False,0.0225,224,224
deer,deer_0012.jpg,D:\CSDLDPT\data\deer\deer_0269.jpg,D:\CSDLDPT\data_aligned\deer\deer_0012.jpg,720,900,"29,234,597,892",True,grabcut_background,True,0.1086,224,224
deer,deer_0013.jpg,D:\CSDLDPT\data\deer\deer_0304.jpg,D:\CSDLDPT\data_aligned\deer\deer_0013.jpg,801,667,"116,0,701,645",True,grabcut_background,False,0.3195,224,224
deer,deer_0014.jpg,D:\CSDLDPT\data\deer\deer_0306.png,D:\CSDLDPT\data_aligned\deer\deer_0014.jpg,682,1024,"21,190,659,921",True,grabcut_background,False,0.0169,224,224
deer,deer_0015.jpg,D:\CSDLDPT\data\deer\deer_0329.jpg,D:\CSDLDPT\data_aligned\deer\deer_0015.jpg,400,413,"12,19,376,413",True,grabcut_background,False,0.0790,224,224
deer,deer_0016.jpg,D:\CSDLDPT\data\deer\deer_0338.jpg,D:\CSDLDPT\data_aligned\deer\deer_0016.jpg,400,393,"0,0,373,393",True,light_background,False,0.4614,224,224
deer,deer_0017.jpg,D:\CSDLDPT\data\deer\deer_0372.png,D:\CSDLDPT\data_aligned\deer\deer_0017.jpg,682,1024,"21,536,518,943",True,grabcut_background,False,0.2454,224,224
deer,deer_0018.jpg,D:\CSDLDPT\data\deer\deer_0400.jpg,D:\CSDLDPT\data_aligned\deer\deer_0018.jpg,693,586,"167,65,653,514",True,grabcut_background,True,0.1849,224,224
deer,deer_0019.jpg,D:\CSDLDPT\data\deer\deer_0431.png,D:\CSDLDPT\data_aligned\deer\deer_0019.jpg,2500,2500,"333,0,2285,2500",True,grabcut_background,False,0.0217,224,224
deer,deer_0020.jpg,D:\CSDLDPT\data\deer\Icelandic-Reindeer.jpg,D:\CSDLDPT\data_aligned\deer\deer_0020.jpg,2000,1500,"0,0,1745,1500",True,light_background,False,0.3928,224,224
deer,deer_0021.jpg,D:\CSDLDPT\data\deer\images.jpg,D:\CSDLDPT\data_aligned\deer\deer_0021.jpg,275,183,"36,46,230,166",True,grabcut_background,True,0.2262,224,224
deer,deer_0022.jpg,D:\CSDLDPT\data\deer\istockphoto-1055977806-612x612.jpg,D:\CSDLDPT\data_aligned\deer\deer_0022.jpg,612,408,"41,24,568,408",True,grabcut_background,False,0.0808,224,224
deer,deer_0023.jpg,D:\CSDLDPT\data\deer\istockphoto-1410438762-612x612.jpg,D:\CSDLDPT\data_aligned\deer\deer_0023.jpg,612,459,"0,0,470,441",True,grabcut_background,False,0.0569,224,224
deer,deer_0024.jpg,D:\CSDLDPT\data\deer\Rocky_Mountain_Bull_Elk.jpg,D:\CSDLDPT\data_aligned\deer\deer_0024.jpg,1280,1024,"181,201,1163,975",True,grabcut_background,False,0.0411,224,224
deer,deer_0025.jpg,D:\CSDLDPT\data\deer\Screenshot 2026-04-01 134618.jpg,D:\CSDLDPT\data_aligned\deer\deer_0025.jpg,809,615,"40,0,780,615",True,light_background,False,0.1503,224,224
deer,deer_0026.jpg,D:\CSDLDPT\data\deer\Screenshot 2026-04-01 134657.jpg,D:\CSDLDPT\data_aligned\deer\deer_0026.jpg,837,721,"50,0,752,721",True,light_background,False,0.4780,224,224
deer,deer_0027.jpg,D:\CSDLDPT\data\deer\Screenshot 2026-04-01 134926.jpg,D:\CSDLDPT\data_aligned\deer\deer_0027.jpg,592,400,"82,11,497,400",True,grabcut_background,False,0.2771,224,224
deer,deer_0028.jpg,D:\CSDLDPT\data\deer\Screenshot 2026-04-01 135014.jpg,D:\CSDLDPT\data_aligned\deer\deer_0028.jpg,834,591,"50,0,699,576",True,grabcut_background,False,0.1320,224,224
deer,deer_0029.jpg,D:\CSDLDPT\data\deer\Screenshot 2026-04-01 135423.jpg,D:\CSDLDPT\data_aligned\deer\deer_0029.jpg,933,825,"0,0,933,825",True,grabcut_background,True,0.3670,224,224
deer,deer_0030.jpg,D:\CSDLDPT\data\deer\Screenshot 2026-04-01 140013.jpg,D:\CSDLDPT\data_aligned\deer\deer_0030.jpg,994,497,"268,35,764,476",True,grabcut_background,False,0.0920,224,224
deer,deer_0031.jpg,D:\CSDLDPT\data\deer\shutterstock_1043297113.jpg,D:\CSDLDPT\data_aligned\deer\deer_0031.jpg,2093,1439,"0,0,2093,1439",False,light_background,False,0.1599,224,224
dog,dog_0001.jpg,D:\CSDLDPT\data\dog\cat_0113.jpg,D:\CSDLDPT\data_aligned\dog\dog_0001.jpg,960,960,"187,235,914,960",True,grabcut_background,True,0.3638,224,224
dog,dog_0002.jpg,D:\CSDLDPT\data\dog\cat_0362.jpg,D:\CSDLDPT\data_aligned\dog\dog_0002.jpg,720,492,"0,31,708,492",True,grabcut_background,True,0.1370,224,224
dog,dog_0003.jpg,D:\CSDLDPT\data\dog\cat_0381.jpg,D:\CSDLDPT\data_aligned\dog\dog_0003.jpg,800,571,"0,10,800,571",True,grabcut_background,False,0.3849,224,224
dog,dog_0004.jpg,D:\CSDLDPT\data\dog\dog1.jpg,D:\CSDLDPT\data_aligned\dog\dog_0004.jpg,612,408,"12,17,612,408",True,light_background,True,0.4812,224,224
dog,dog_0005.jpg,D:\CSDLDPT\data\dog\dog10.jpg,D:\CSDLDPT\data_aligned\dog\dog_0005.jpg,847,679,"0,0,847,679",True,grabcut_background,False,0.0478,224,224
dog,dog_0006.jpg,D:\CSDLDPT\data\dog\dog2.jpg,D:\CSDLDPT\data_aligned\dog\dog_0006.jpg,770,513,"0,0,767,503",True,light_background,False,0.4515,224,224
dog,dog_0007.jpg,D:\CSDLDPT\data\dog\dog3.jpg,D:\CSDLDPT\data_aligned\dog\dog_0007.jpg,735,485,"0,0,735,485",True,light_background,False,0.5504,224,224
dog,dog_0008.jpg,D:\CSDLDPT\data\dog\dog4.jpg,D:\CSDLDPT\data_aligned\dog\dog_0008.jpg,729,486,"89,0,637,486",True,light_background,False,0.0123,224,224
dog,dog_0009.jpg,D:\CSDLDPT\data\dog\dog5.jpg,D:\CSDLDPT\data_aligned\dog\dog_0009.jpg,729,486,"14,0,654,486",True,light_background,False,0.2622,224,224
dog,dog_0010.jpg,D:\CSDLDPT\data\dog\dog7.jpg,D:\CSDLDPT\data_aligned\dog\dog_0010.jpg,1025,800,"27,0,1025,800",True,grabcut_background,False,0.3064,224,224
dog,dog_0011.jpg,D:\CSDLDPT\data\dog\dog8.jpg,D:\CSDLDPT\data_aligned\dog\dog_0011.jpg,722,549,"0,21,686,538",True,grabcut_background,False,0.2044,224,224
dog,dog_0012.jpg,D:\CSDLDPT\data\dog\dog9.jpg,D:\CSDLDPT\data_aligned\dog\dog_0012.jpg,846,599,"0,0,846,599",True,grabcut_background,False,0.2514,224,224
dog,dog_0013.jpg,D:\CSDLDPT\data\dog\dog_0049.jpg,D:\CSDLDPT\data_aligned\dog\dog_0013.jpg,1706,1215,"0,0,1623,1215",True,grabcut_background,False,0.5398,224,224
dog,dog_0014.jpg,D:\CSDLDPT\data\dog\dog_0055.jpg,D:\CSDLDPT\data_aligned\dog\dog_0014.jpg,1200,878,"4,0,1200,878",True,grabcut_background,False,0.0868,224,224
dog,dog_0015.jpg,D:\CSDLDPT\data\dog\dog_0061.png,D:\CSDLDPT\data_aligned\dog\dog_0015.jpg,1024,1024,"74,68,1024,989",True,grabcut_background,True,0.1951,224,224
dog,dog_0016.jpg,D:\CSDLDPT\data\dog\dog_0111.png,D:\CSDLDPT\data_aligned\dog\dog_0016.jpg,1000,656,"0,20,952,656",True,light_background,False,0.1821,224,224
dog,dog_0017.jpg,D:\CSDLDPT\data\dog\dog_0113.jpg,D:\CSDLDPT\data_aligned\dog\dog_0017.jpg,720,492,"0,31,708,492",True,grabcut_background,True,0.1370,224,224
dog,dog_0018.jpg,D:\CSDLDPT\data\dog\dog_0115.jpg,D:\CSDLDPT\data_aligned\dog\dog_0018.jpg,800,571,"0,10,800,571",True,grabcut_background,False,0.3849,224,224
dog,dog_0019.jpg,D:\CSDLDPT\data\dog\dog_0135.jpg,D:\CSDLDPT\data_aligned\dog\dog_0019.jpg,650,368,"23,0,639,368",True,light_background,True,0.2711,224,224
dog,dog_0020.jpg,D:\CSDLDPT\data\dog\dog_0236.jpg,D:\CSDLDPT\data_aligned\dog\dog_0020.jpg,567,489,"0,34,567,450",True,light_background,False,0.2582,224,224
dog,dog_0021.jpg,D:\CSDLDPT\data\dog\dog_0276.jpg,D:\CSDLDPT\data_aligned\dog\dog_0021.jpg,800,620,"13,0,800,620",True,grabcut_background,False,0.1227,224,224
dog,dog_0022.jpg,D:\CSDLDPT\data\dog\dog_0318.jpg,D:\CSDLDPT\data_aligned\dog\dog_0022.jpg,640,640,"0,19,640,611",True,grabcut_background,False,0.0115,224,224
dog,dog_0023.jpg,D:\CSDLDPT\data\dog\dog_0352.jpg,D:\CSDLDPT\data_aligned\dog\dog_0023.jpg,612,512,"0,18,579,512",True,light_background,False,0.5325,224,224
dog,dog_0024.jpg,D:\CSDLDPT\data\dog\dog_0374.jpg,D:\CSDLDPT\data_aligned\dog\dog_0024.jpg,736,1309,"22,337,736,1153",True,grabcut_background,True,0.2000,224,224
dog,dog_0025.jpg,D:\CSDLDPT\data\dog\dog_0375.jpg,D:\CSDLDPT\data_aligned\dog\dog_0025.jpg,729,486,"33,0,720,486",True,light_background,False,0.0096,224,224
dog,dog_0026.jpg,D:\CSDLDPT\data\dog\dog_0376.jpg,D:\CSDLDPT\data_aligned\dog\dog_0026.jpg,729,486,"116,0,578,486",True,light_background,False,0.2553,224,224
dog,dog_0027.jpg,D:\CSDLDPT\data\dog\dog_0422.jpg,D:\CSDLDPT\data_aligned\dog\dog_0027.jpg,678,458,"49,0,678,458",True,grabcut_background,True,0.1380,224,224
dog,dog_0028.jpg,D:\CSDLDPT\data\dog\dog_0476.jpg,D:\CSDLDPT\data_aligned\dog\dog_0028.jpg,1528,1396,"0,42,1528,1396",True,grabcut_background,False,0.0031,224,224
dog,dog_0029.jpg,D:\CSDLDPT\data\dog\istockphoto-1227195789-612x612.jpg,D:\CSDLDPT\data_aligned\dog\dog_0029.jpg,612,402,"137,42,491,396",True,grabcut_background,True,0.2085,224,224
dog,dog_0030.jpg,D:\CSDLDPT\data\dog\istockphoto-1227391135-612x612.jpg,D:\CSDLDPT\data_aligned\dog\dog_0030.jpg,612,404,"0,19,539,404",True,grabcut_background,False,0.7684,224,224
dog,dog_0031.jpg,D:\CSDLDPT\data\dog\istockphoto-1250306332-612x612.jpg,D:\CSDLDPT\data_aligned\dog\dog_0031.jpg,612,400,"56,20,532,400",True,grabcut_background,False,0.3727,224,224
dog,dog_0032.jpg,D:\CSDLDPT\data\dog\istockphoto-1254191226-612x612.jpg,D:\CSDLDPT\data_aligned\dog\dog_0032.jpg,612,392,"87,15,501,363",True,grabcut_background,False,0.2073,224,224
dog,dog_0033.jpg,D:\CSDLDPT\data\dog\istockphoto-1256757701-612x612.jpg,D:\CSDLDPT\data_aligned\dog\dog_0033.jpg,612,410,"81,39,475,405",True,grabcut_background,False,0.0816,224,224
dog,dog_0034.jpg,D:\CSDLDPT\data\dog\istockphoto-1256757976-612x612.jpg,D:\CSDLDPT\data_aligned\dog\dog_0034.jpg,612,400,"105,37,508,400",True,grabcut_background,False,0.0708,224,224
dog,dog_0035.jpg,D:\CSDLDPT\data\dog\istockphoto-1411611971-612x612.jpg,D:\CSDLDPT\data_aligned\dog\dog_0035.jpg,612,459,"42,19,523,456",True,grabcut_background,True,0.1466,224,224
dog,dog_0036.jpg,D:\CSDLDPT\data\dog\istockphoto-1438755555-612x612.jpg,D:\CSDLDPT\data_aligned\dog\dog_0036.jpg,612,408,"64,12,562,408",True,grabcut_background,False,0.1430,224,224
dog,dog_0037.jpg,D:\CSDLDPT\data\dog\istockphoto-479386409-612x612.jpg,D:\CSDLDPT\data_aligned\dog\dog_0037.jpg,612,408,"35,5,505,408",True,grabcut_background,False,0.5700,224,224
dog,dog_0038.jpg,D:\CSDLDPT\data\dog\istockphoto-503089177-612x612.jpg,D:\CSDLDPT\data_aligned\dog\dog_0038.jpg,612,408,"40,10,521,405",True,grabcut_background,True,0.1178,224,224
dog,dog_0039.jpg,D:\CSDLDPT\data\dog\istockphoto-522761131-612x612.jpg,D:\CSDLDPT\data_aligned\dog\dog_0039.jpg,612,408,"62,18,509,408",True,grabcut_background,False,0.1917,224,224
dog,dog_0040.jpg,D:\CSDLDPT\data\dog\wolf1.jpg,D:\CSDLDPT\data_aligned\dog\dog_0040.jpg,459,384,"4,0,459,384",True,grabcut_background,False,0.0462,224,224
dog,dog_0041.jpg,D:\CSDLDPT\data\dog\wolf3.jpg,D:\CSDLDPT\data_aligned\dog\dog_0041.jpg,1200,800,"0,0,1200,800",False,light_background,False,0.0317,224,224
dog,dog_0042.jpg,D:\CSDLDPT\data\dog\wolf4.jpg,D:\CSDLDPT\data_aligned\dog\dog_0042.jpg,880,586,"0,23,880,586",True,light_background,False,0.1379,224,224
dog,dog_0043.jpg,D:\CSDLDPT\data\dog\wolf5.jpg,D:\CSDLDPT\data_aligned\dog\dog_0043.jpg,612,493,"0,0,612,493",True,grabcut_background,False,0.4646,224,224
dog,dog_0044.jpg,D:\CSDLDPT\data\dog\wolf6.jpg,D:\CSDLDPT\data_aligned\dog\dog_0044.jpg,535,373,"39,0,514,373",True,grabcut_background,False,0.3443,224,224
dog,dog_0045.jpg,D:\CSDLDPT\data\dog\wolf7.jpg,D:\CSDLDPT\data_aligned\dog\dog_0045.jpg,433,341,"21,0,417,341",True,grabcut_background,False,0.1839,224,224
dog,dog_0046.jpg,D:\CSDLDPT\data\dog\wolf8.jpg,D:\CSDLDPT\data_aligned\dog\dog_0046.jpg,1199,1000,"45,23,1143,1000",True,grabcut_background,False,0.0434,224,224
dog,dog_0047.jpg,D:\CSDLDPT\data\dog\wolf9.jpg,D:\CSDLDPT\data_aligned\dog\dog_0047.jpg,399,324,"6,0,383,324",True,grabcut_background,False,0.3604,224,224
elephant,elephant_0001.jpg,D:\CSDLDPT\data\elephant\13.jpg,D:\CSDLDPT\data_aligned\elephant\elephant_0001.jpg,331,235,"14,12,254,229",True,grabcut_background,True,0.0800,224,224
elephant,elephant_0002.jpg,D:\CSDLDPT\data\elephant\Close Encounter With Giant Tusker Elephant – A Tanzania Travelogue.jpg,D:\CSDLDPT\data_aligned\elephant\elephant_0002.jpg,650,650,"0,119,650,636",True,grabcut_background,True,0.1140,224,224
elephant,elephant_0003.jpg,D:\CSDLDPT\data\elephant\download1.jpg,D:\CSDLDPT\data_aligned\elephant\elephant_0003.jpg,736,736,"0,91,736,719",True,grabcut_background,True,0.4161,224,224
elephant,elephant_0004.jpg,D:\CSDLDPT\data\elephant\download3.jpg,D:\CSDLDPT\data_aligned\elephant\elephant_0004.jpg,736,490,"18,0,730,461",True,grabcut_background,True,0.2198,224,224
elephant,elephant_0005.jpg,D:\CSDLDPT\data\elephant\elephant_0007.jpg,D:\CSDLDPT\data_aligned\elephant\elephant_0005.jpg,800,533,"66,12,740,517",True,light_background,False,0.0401,224,224
elephant,elephant_0006.jpg,D:\CSDLDPT\data\elephant\elephant_0049.png,D:\CSDLDPT\data_aligned\elephant\elephant_0006.jpg,1636,980,"0,0,1602,980",True,grabcut_background,False,0.0770,224,224
elephant,elephant_0007.jpg,D:\CSDLDPT\data\elephant\elephant_0123.jpg,D:\CSDLDPT\data_aligned\elephant\elephant_0007.jpg,1024,1536,"144,422,934,1091",True,grabcut_background,False,0.0891,224,224
elephant,elephant_0008.jpg,D:\CSDLDPT\data\elephant\elephant_0137.jpg,D:\CSDLDPT\data_aligned\elephant\elephant_0008.jpg,720,720,"3,64,689,641",True,grabcut_background,True,0.1183,224,224
elephant,elephant_0009.jpg,D:\CSDLDPT\data\elephant\elephant_0344.jpg,D:\CSDLDPT\data_aligned\elephant\elephant_0009.jpg,735,490,"118,59,735,490",True,grabcut_background,True,0.3441,224,224
elephant,elephant_0010.jpg,D:\CSDLDPT\data\elephant\elephant_0351.jpg,D:\CSDLDPT\data_aligned\elephant\elephant_0010.jpg,749,499,"28,26,689,499",True,grabcut_background,True,0.2492,224,224
elephant,elephant_0011.jpg,D:\CSDLDPT\data\elephant\elephant_0412.jpg,D:\CSDLDPT\data_aligned\elephant\elephant_0011.jpg,1000,738,"7,23,950,738",True,light_background,True,0.3077,224,224
elephant,elephant_0012.jpg,D:\CSDLDPT\data\elephant\elephant_0436.jpg,D:\CSDLDPT\data_aligned\elephant\elephant_0012.jpg,1600,1200,"15,35,1600,1200",True,grabcut_background,False,0.0008,224,224
elephant,elephant_0013.jpg,D:\CSDLDPT\data\elephant\Screenshot 2026-05-01 161807.png,D:\CSDLDPT\data_aligned\elephant\elephant_0013.jpg,368,295,"0,0,368,295",True,light_background,True,0.2385,224,224
elephant,elephant_0014.jpg,D:\CSDLDPT\data\elephant\Screenshot 2026-05-01 161822.png,D:\CSDLDPT\data_aligned\elephant\elephant_0014.jpg,517,340,"0,21,403,340",True,grabcut_background,False,0.0251,224,224
elephant,elephant_0015.jpg,D:\CSDLDPT\data\elephant\Screenshot 2026-05-01 161838.png,D:\CSDLDPT\data_aligned\elephant\elephant_0015.jpg,484,320,"15,14,482,320",True,grabcut_background,True,0.1734,224,224
giraffe,giraffe_0001.jpg,D:\CSDLDPT\data\giraffe\101.jpg,D:\CSDLDPT\data_aligned\giraffe\giraffe_0001.jpg,474,841,"0,51,455,807",True,grabcut_background,False,0.1017,224,224
giraffe,giraffe_0002.jpg,D:\CSDLDPT\data\giraffe\102.jpg,D:\CSDLDPT\data_aligned\giraffe\giraffe_0002.jpg,474,708,"0,116,394,659",True,grabcut_background,True,0.2454,224,224
giraffe,giraffe_0003.jpg,D:\CSDLDPT\data\giraffe\103.jpg,D:\CSDLDPT\data_aligned\giraffe\giraffe_0003.jpg,736,1104,"0,106,736,1104",True,grabcut_background,True,0.6513,224,224
giraffe,giraffe_0004.jpg,D:\CSDLDPT\data\giraffe\104.jpg,D:\CSDLDPT\data_aligned\giraffe\giraffe_0004.jpg,474,590,"0,40,474,564",True,grabcut_background,False,0.2521,224,224
giraffe,giraffe_0005.jpg,D:\CSDLDPT\data\giraffe\105.jpg,D:\CSDLDPT\data_aligned\giraffe\giraffe_0005.jpg,474,840,"0,0,474,840",False,light_background,False,0.1193,224,224
giraffe,giraffe_0006.jpg,D:\CSDLDPT\data\giraffe\106.jpg,D:\CSDLDPT\data_aligned\giraffe\giraffe_0006.jpg,473,774,"30,0,422,774",True,grabcut_background,False,0.5727,224,224
giraffe,giraffe_0007.jpg,D:\CSDLDPT\data\giraffe\107.jpg,D:\CSDLDPT\data_aligned\giraffe\giraffe_0007.jpg,450,600,"0,0,433,600",True,grabcut_background,True,0.2752,224,224
giraffe,giraffe_0008.jpg,D:\CSDLDPT\data\giraffe\108.jpg,D:\CSDLDPT\data_aligned\giraffe\giraffe_0008.jpg,474,711,"0,0,455,581",True,grabcut_background,True,0.2451,224,224
giraffe,giraffe_0009.jpg,D:\CSDLDPT\data\giraffe\109.jpg,D:\CSDLDPT\data_aligned\giraffe\giraffe_0009.jpg,473,338,"76,2,381,293",True,grabcut_background,False,0.4419,224,224
giraffe,giraffe_0010.jpg,D:\CSDLDPT\data\giraffe\110.jpg,D:\CSDLDPT\data_aligned\giraffe\giraffe_0010.jpg,474,682,"17,28,443,682",True,grabcut_background,False,0.1882,224,224
giraffe,giraffe_0011.jpg,D:\CSDLDPT\data\giraffe\111.jpg,D:\CSDLDPT\data_aligned\giraffe\giraffe_0011.jpg,474,474,"40,24,474,435",True,grabcut_background,False,0.2064,224,224
giraffe,giraffe_0012.jpg,D:\CSDLDPT\data\giraffe\giraffe_0002.jpg,D:\CSDLDPT\data_aligned\giraffe\giraffe_0012.jpg,391,640,"43,0,365,640",True,grabcut_background,True,0.5736,224,224
giraffe,giraffe_0013.jpg,D:\CSDLDPT\data\giraffe\giraffe_0012.png,D:\CSDLDPT\data_aligned\giraffe\giraffe_0013.jpg,1012,1795,"0,155,1012,1795",True,light_background,True,0.1161,224,224
giraffe,giraffe_0014.jpg,D:\CSDLDPT\data\giraffe\giraffe_0015.png,D:\CSDLDPT\data_aligned\giraffe\giraffe_0014.jpg,682,1024,"77,224,667,980",True,grabcut_background,True,0.3741,224,224
giraffe,giraffe_0015.jpg,D:\CSDLDPT\data\giraffe\giraffe_0026.jpg,D:\CSDLDPT\data_aligned\giraffe\giraffe_0015.jpg,2424,3888,"77,151,2424,3888",True,grabcut_background,True,0.1089,224,224
giraffe,giraffe_0016.jpg,D:\CSDLDPT\data\giraffe\giraffe_0028.jpg,D:\CSDLDPT\data_aligned\giraffe\giraffe_0016.jpg,400,600,"0,0,330,599",True,grabcut_background,False,0.1905,224,224
giraffe,giraffe_0017.jpg,D:\CSDLDPT\data\giraffe\giraffe_0039.jpg,D:\CSDLDPT\data_aligned\giraffe\giraffe_0017.jpg,686,900,"74,48,616,865",True,light_background,False,0.0127,224,224
giraffe,giraffe_0018.jpg,D:\CSDLDPT\data\giraffe\giraffe_0040.jpg,D:\CSDLDPT\data_aligned\giraffe\giraffe_0018.jpg,600,800,"100,52,508,753",True,grabcut_background,False,0.0034,224,224
giraffe,giraffe_0019.jpg,D:\CSDLDPT\data\giraffe\giraffe_0058.jpg,D:\CSDLDPT\data_aligned\giraffe\giraffe_0019.jpg,800,1200,"51,0,732,1200",True,grabcut_background,True,0.2098,224,224
giraffe,giraffe_0020.jpg,D:\CSDLDPT\data\giraffe\giraffe_0072.jpg,D:\CSDLDPT\data_aligned\giraffe\giraffe_0020.jpg,736,1308,"0,65,736,1220",True,grabcut_background,False,0.1077,224,224
giraffe,giraffe_0021.jpg,D:\CSDLDPT\data\giraffe\giraffe_0077.jpg,D:\CSDLDPT\data_aligned\giraffe\giraffe_0021.jpg,810,1440,"137,0,810,1440",True,grabcut_background,False,0.3677,224,224
giraffe,giraffe_0022.jpg,D:\CSDLDPT\data\giraffe\giraffe_0081.jpg,D:\CSDLDPT\data_aligned\giraffe\giraffe_0022.jpg,465,620,"8,0,446,615",True,grabcut_background,False,0.2820,224,224
giraffe,giraffe_0023.jpg,D:\CSDLDPT\data\giraffe\giraffe_0085.png,D:\CSDLDPT\data_aligned\giraffe\giraffe_0023.jpg,470,720,"58,44,438,720",True,grabcut_background,False,0.3342,224,224
giraffe,giraffe_0024.jpg,D:\CSDLDPT\data\giraffe\giraffe_0101.jpg,D:\CSDLDPT\data_aligned\giraffe\giraffe_0024.jpg,736,1114,"0,0,736,1114",True,grabcut_background,False,0.4972,224,224
giraffe,giraffe_0025.jpg,D:\CSDLDPT\data\giraffe\giraffe_0118.jpg,D:\CSDLDPT\data_aligned\giraffe\giraffe_0025.jpg,683,1024,"51,47,683,914",True,grabcut_background,False,0.0824,224,224
giraffe,giraffe_0026.jpg,D:\CSDLDPT\data\giraffe\giraffe_0126.webp,D:\CSDLDPT\data_aligned\giraffe\giraffe_0026.jpg,1200,1800,"47,52,1025,1754",True,grabcut_background,True,0.1858,224,224
giraffe,giraffe_0027.jpg,D:\CSDLDPT\data\giraffe\giraffe_0131.jpg,D:\CSDLDPT\data_aligned\giraffe\giraffe_0027.jpg,320,480,"48,0,250,421",True,grabcut_background,False,0.8561,224,224
giraffe,giraffe_0028.jpg,D:\CSDLDPT\data\giraffe\giraffe_0132.jpg,D:\CSDLDPT\data_aligned\giraffe\giraffe_0028.jpg,602,900,"0,0,602,900",True,light_background,True,0.1609,224,224
giraffe,giraffe_0029.jpg,D:\CSDLDPT\data\giraffe\giraffe_0135.jpg,D:\CSDLDPT\data_aligned\giraffe\giraffe_0029.jpg,736,1731,"0,0,736,1198",True,grabcut_background,False,1.0000,224,224
giraffe,giraffe_0030.jpg,D:\CSDLDPT\data\giraffe\giraffe_0138.jpg,D:\CSDLDPT\data_aligned\giraffe\giraffe_0030.jpg,750,1125,"14,0,750,1125",True,grabcut_background,True,0.3035,224,224
giraffe,giraffe_0031.jpg,D:\CSDLDPT\data\giraffe\giraffe_0139.jpg,D:\CSDLDPT\data_aligned\giraffe\giraffe_0031.jpg,600,900,"0,0,600,900",False,light_background,False,0.1434,224,224
giraffe,giraffe_0032.jpg,D:\CSDLDPT\data\giraffe\giraffe_0140.jpg,D:\CSDLDPT\data_aligned\giraffe\giraffe_0032.jpg,408,612,"17,17,348,594",True,grabcut_background,True,0.2117,224,224
giraffe,giraffe_0033.jpg,D:\CSDLDPT\data\giraffe\giraffe_0142.jpg,D:\CSDLDPT\data_aligned\giraffe\giraffe_0033.jpg,1224,1632,"131,151,1064,1446",True,grabcut_background,False,0.0489,224,224
giraffe,giraffe_0034.jpg,D:\CSDLDPT\data\giraffe\giraffe_0143.jpg,D:\CSDLDPT\data_aligned\giraffe\giraffe_0034.jpg,500,731,"44,110,471,713",True,grabcut_background,True,0.3424,224,224
giraffe,giraffe_0035.jpg,D:\CSDLDPT\data\giraffe\giraffe_0159.jpg,D:\CSDLDPT\data_aligned\giraffe\giraffe_0035.jpg,474,663,"0,0,474,663",False,grabcut_background,False,0.0000,224,224
giraffe,giraffe_0036.jpg,D:\CSDLDPT\data\giraffe\giraffe_0168.jpg,D:\CSDLDPT\data_aligned\giraffe\giraffe_0036.jpg,666,1000,"136,67,634,865",True,grabcut_background,True,0.5081,224,224
giraffe,giraffe_0037.jpg,D:\CSDLDPT\data\giraffe\giraffe_0180.jpg,D:\CSDLDPT\data_aligned\giraffe\giraffe_0037.jpg,4000,6000,"45,325,3487,4588",True,grabcut_background,True,0.2844,224,224
giraffe,giraffe_0038.jpg,D:\CSDLDPT\data\giraffe\giraffe_0186.png,D:\CSDLDPT\data_aligned\giraffe\giraffe_0038.jpg,1012,1800,"320,207,839,1121",True,grabcut_background,True,1.0000,224,224
giraffe,giraffe_0039.jpg,D:\CSDLDPT\data\giraffe\giraffe_0189.jpg,D:\CSDLDPT\data_aligned\giraffe\giraffe_0039.jpg,427,612,"76,58,366,612",True,light_background,False,0.0544,224,224
giraffe,giraffe_0040.jpg,D:\CSDLDPT\data\giraffe\giraffe_0193.jpg,D:\CSDLDPT\data_aligned\giraffe\giraffe_0040.jpg,540,810,"178,127,540,684",True,grabcut_background,False,0.0486,224,224
goat,goat_0001.jpg,D:\CSDLDPT\data\goat\15.jpg,D:\CSDLDPT\data_aligned\goat\goat_0001.jpg,360,360,"0,0,360,360",True,light_background,False,0.0021,224,224
goat,goat_0002.jpg,D:\CSDLDPT\data\goat\goat_0038.jpg,D:\CSDLDPT\data_aligned\goat\goat_0002.jpg,1134,1306,"0,183,1030,998",True,grabcut_background,False,0.3332,224,224
goat,goat_0003.jpg,D:\CSDLDPT\data\goat\goat_0040.jpg,D:\CSDLDPT\data_aligned\goat\goat_0003.jpg,1280,1252,"83,103,1205,1093",True,grabcut_background,False,0.0624,224,224
goat,goat_0004.jpg,D:\CSDLDPT\data\goat\goat_0083.jpg,D:\CSDLDPT\data_aligned\goat\goat_0004.jpg,896,1152,"0,94,896,1037",True,grabcut_background,True,0.1130,224,224
goat,goat_0005.jpg,D:\CSDLDPT\data\goat\goat_0094.jpg,D:\CSDLDPT\data_aligned\goat\goat_0005.jpg,473,450,"58,27,432,444",True,grabcut_background,False,0.2734,224,224
goat,goat_0006.jpg,D:\CSDLDPT\data\goat\goat_0100.jpg,D:\CSDLDPT\data_aligned\goat\goat_0006.jpg,1301,980,"0,4,1301,980",True,light_background,False,0.1871,224,224
goat,goat_0007.jpg,D:\CSDLDPT\data\goat\goat_0101.jpg,D:\CSDLDPT\data_aligned\goat\goat_0007.jpg,1204,1464,"62,107,1166,1120",True,grabcut_background,True,0.1786,224,224
goat,goat_0008.jpg,D:\CSDLDPT\data\goat\goat_0107.png,D:\CSDLDPT\data_aligned\goat\goat_0008.jpg,2500,2500,"0,0,2441,2500",True,grabcut_background,True,0.0824,224,224
goat,goat_0009.jpg,D:\CSDLDPT\data\goat\goat_0111.jpg,D:\CSDLDPT\data_aligned\goat\goat_0009.jpg,400,285,"0,0,400,285",False,light_background,False,0.0026,224,224
goat,goat_0010.jpg,D:\CSDLDPT\data\goat\goat_0114.jpg,D:\CSDLDPT\data_aligned\goat\goat_0010.jpg,736,490,"14,0,697,490",True,light_background,False,0.0430,224,224
goat,goat_0011.jpg,D:\CSDLDPT\data\goat\goat_0118.jpg,D:\CSDLDPT\data_aligned\goat\goat_0011.jpg,800,533,"0,70,800,533",True,light_background,False,0.0350,224,224
goat,goat_0012.jpg,D:\CSDLDPT\data\goat\goat_0121.jpg,D:\CSDLDPT\data_aligned\goat\goat_0012.jpg,550,550,"3,0,518,548",True,light_background,False,0.2764,224,224
goat,goat_0013.jpg,D:\CSDLDPT\data\goat\goat_0149.jpg,D:\CSDLDPT\data_aligned\goat\goat_0013.jpg,480,360,"58,6,414,354",True,light_background,False,0.1970,224,224
goat,goat_0014.jpg,D:\CSDLDPT\data\goat\goat_0151.png,D:\CSDLDPT\data_aligned\goat\goat_0014.jpg,800,663,"0,0,800,663",True,grabcut_background,True,0.1773,224,224
goat,goat_0015.jpg,D:\CSDLDPT\data\goat\goat_0367.jpg,D:\CSDLDPT\data_aligned\goat\goat_0015.jpg,590,489,"3,0,585,489",True,light_background,False,0.0406,224,224
goat,goat_0016.jpg,D:\CSDLDPT\data\goat\goat_0453.jpg,D:\CSDLDPT\data_aligned\goat\goat_0016.jpg,350,280,"0,0,320,280",True,grabcut_background,False,0.0098,224,224
goat,goat_0017.jpg,D:\CSDLDPT\data\goat\Screenshot 2026-05-01 154118.png,D:\CSDLDPT\data_aligned\goat\goat_0017.jpg,412,301,"6,0,412,301",True,light_background,True,0.1388,224,224
goat,goat_0018.jpg,D:\CSDLDPT\data\goat\Screenshot 2026-05-01 154123.png,D:\CSDLDPT\data_aligned\goat\goat_0018.jpg,420,277,"3,0,389,277",True,light_background,False,0.0169,224,224
goat,goat_0019.jpg,D:\CSDLDPT\data\goat\Screenshot 2026-05-01 154149.png,D:\CSDLDPT\data_aligned\goat\goat_0019.jpg,471,336,"21,0,471,336",True,light_background,False,0.0301,224,224
goat,goat_0020.jpg,D:\CSDLDPT\data\goat\Screenshot 2026-05-01 154153.png,D:\CSDLDPT\data_aligned\goat\goat_0020.jpg,474,363,"11,0,474,363",True,light_background,False,0.0487,224,224
goat,goat_0021.jpg,D:\CSDLDPT\data\goat\Screenshot 2026-05-01 154211.png,D:\CSDLDPT\data_aligned\goat\goat_0021.jpg,447,329,"62,10,382,329",True,light_background,False,0.1761,224,224
goat,goat_0022.jpg,D:\CSDLDPT\data\goat\Screenshot 2026-05-01 154231.png,D:\CSDLDPT\data_aligned\goat\goat_0022.jpg,414,294,"9,0,408,294",True,light_background,False,0.0259,224,224
hippo,hippo_0001.jpg,D:\CSDLDPT\data\hippo\106.jpg,D:\CSDLDPT\data_aligned\hippo\hippo_0001.jpg,458,458,"0,63,458,402",True,light_background,False,0.0263,224,224
hippo,hippo_0002.jpg,D:\CSDLDPT\data\hippo\download.jpg,D:\CSDLDPT\data_aligned\hippo\hippo_0002.jpg,564,376,"0,37,558,352",True,grabcut_background,True,0.2198,224,224
hippo,hippo_0003.jpg,D:\CSDLDPT\data\hippo\download2.jpg,D:\CSDLDPT\data_aligned\hippo\hippo_0003.jpg,564,370,"9,12,534,370",True,grabcut_background,True,0.2992,224,224
hippo,hippo_0004.jpg,D:\CSDLDPT\data\hippo\download3.jpg,D:\CSDLDPT\data_aligned\hippo\hippo_0004.jpg,624,416,"0,47,624,416",True,grabcut_background,True,0.0958,224,224
hippo,hippo_0005.jpg,D:\CSDLDPT\data\hippo\Hippo.jpg,D:\CSDLDPT\data_aligned\hippo\hippo_0005.jpg,524,400,"0,61,524,391",True,grabcut_background,True,0.1618,224,224
hippo,hippo_0006.jpg,D:\CSDLDPT\data\hippo\hippo_0021.jpg,D:\CSDLDPT\data_aligned\hippo\hippo_0006.jpg,992,661,"36,17,992,651",True,grabcut_background,False,0.1374,224,224
hippo,hippo_0007.jpg,D:\CSDLDPT\data\hippo\hippo_0036.jpg,D:\CSDLDPT\data_aligned\hippo\hippo_0007.jpg,960,768,"0,84,960,642",True,grabcut_background,False,0.0410,224,224
hippo,hippo_0008.jpg,D:\CSDLDPT\data\hippo\hippo_0143.jpg,D:\CSDLDPT\data_aligned\hippo\hippo_0008.jpg,612,305,"0,0,612,305",True,light_background,True,0.1913,224,224
hippo,hippo_0009.jpg,D:\CSDLDPT\data\hippo\hippo_0153.webp,D:\CSDLDPT\data_aligned\hippo\hippo_0009.jpg,1000,671,"75,115,957,594",True,grabcut_background,False,0.0106,224,224
hippo,hippo_0010.jpg,D:\CSDLDPT\data\hippo\hippo_0180.jpg,D:\CSDLDPT\data_aligned\hippo\hippo_0010.jpg,1280,1024,"94,282,1230,886",True,grabcut_background,False,0.0030,224,224
hippo,hippo_0011.jpg,D:\CSDLDPT\data\hippo\hippo_0325.jpg,D:\CSDLDPT\data_aligned\hippo\hippo_0011.jpg,620,620,"19,36,610,523",True,grabcut_background,False,0.1653,224,224
hippo,hippo_0012.jpg,D:\CSDLDPT\data\hippo\hippo_0349.jpg,D:\CSDLDPT\data_aligned\hippo\hippo_0012.jpg,800,531,"0,0,800,509",True,grabcut_background,False,0.3529,224,224
hippo,hippo_0013.jpg,D:\CSDLDPT\data\hippo\Screenshot 2026-05-01 111230.png,D:\CSDLDPT\data_aligned\hippo\hippo_0013.jpg,535,295,"94,39,516,286",True,grabcut_background,True,0.1304,224,224
hippo,hippo_0014.jpg,D:\CSDLDPT\data\hippo\Screenshot 2026-05-01 111240.png,D:\CSDLDPT\data_aligned\hippo\hippo_0014.jpg,470,320,"0,9,465,318",True,grabcut_background,True,0.4054,224,224
horse,horse_0001.jpg,D:\CSDLDPT\data\horse\dog_0164.jpg,D:\CSDLDPT\data_aligned\horse\horse_0001.jpg,800,533,"64,25,734,397",True,grabcut_background,True,0.2011,224,224
horse,horse_0002.jpg,D:\CSDLDPT\data\horse\horse_0034.jpg,D:\CSDLDPT\data_aligned\horse\horse_0002.jpg,640,425,"93,0,553,380",True,grabcut_background,False,0.1364,224,224
horse,horse_0003.jpg,D:\CSDLDPT\data\horse\horse_0035.jpg,D:\CSDLDPT\data_aligned\horse\horse_0003.jpg,750,640,"0,11,750,640",True,grabcut_background,True,0.1009,224,224
horse,horse_0004.jpg,D:\CSDLDPT\data\horse\horse_0035.png,D:\CSDLDPT\data_aligned\horse\horse_0004.jpg,2500,2500,"0,0,2500,2500",True,grabcut_background,False,0.1223,224,224
horse,horse_0005.jpg,D:\CSDLDPT\data\horse\horse_0038.jpg,D:\CSDLDPT\data_aligned\horse\horse_0005.jpg,720,467,"0,49,676,467",True,grabcut_background,False,0.0019,224,224
horse,horse_0006.jpg,D:\CSDLDPT\data\horse\horse_0053.jpg,D:\CSDLDPT\data_aligned\horse\horse_0006.jpg,1066,1600,"24,3,1038,1337",True,grabcut_background,True,0.1153,224,224
horse,horse_0007.jpg,D:\CSDLDPT\data\horse\horse_0066.jpg,D:\CSDLDPT\data_aligned\horse\horse_0007.jpg,5460,3900,"130,0,5028,3900",True,light_background,False,0.1990,224,224
horse,horse_0008.jpg,D:\CSDLDPT\data\horse\horse_0073.jpg,D:\CSDLDPT\data_aligned\horse\horse_0008.jpg,640,425,"93,0,553,380",True,grabcut_background,False,0.1362,224,224
horse,horse_0009.jpg,D:\CSDLDPT\data\horse\horse_0074.jpg,D:\CSDLDPT\data_aligned\horse\horse_0009.jpg,800,572,"25,0,721,572",True,light_background,False,0.2117,224,224
horse,horse_0010.jpg,D:\CSDLDPT\data\horse\horse_0080.jpg,D:\CSDLDPT\data_aligned\horse\horse_0010.jpg,800,533,"0,0,800,533",False,light_background,False,0.0681,224,224
horse,horse_0011.jpg,D:\CSDLDPT\data\horse\horse_0085.jpg,D:\CSDLDPT\data_aligned\horse\horse_0011.jpg,1200,801,"126,6,1083,801",True,grabcut_background,True,0.3224,224,224
horse,horse_0012.jpg,D:\CSDLDPT\data\horse\horse_0085.png,D:\CSDLDPT\data_aligned\horse\horse_0012.jpg,796,650,"68,0,796,650",True,light_background,False,0.0660,224,224
horse,horse_0013.jpg,D:\CSDLDPT\data\horse\horse_0087.jpg,D:\CSDLDPT\data_aligned\horse\horse_0013.jpg,720,467,"0,49,676,467",True,grabcut_background,False,0.0015,224,224
horse,horse_0014.jpg,D:\CSDLDPT\data\horse\horse_0089.jpg,D:\CSDLDPT\data_aligned\horse\horse_0014.jpg,1080,788,"34,0,925,788",True,grabcut_background,True,0.1406,224,224
horse,horse_0015.jpg,D:\CSDLDPT\data\horse\horse_0090.jpg,D:\CSDLDPT\data_aligned\horse\horse_0015.jpg,1200,920,"38,0,1133,920",True,grabcut_background,False,0.1487,224,224
horse,horse_0016.jpg,D:\CSDLDPT\data\horse\horse_0092.jpg,D:\CSDLDPT\data_aligned\horse\horse_0016.jpg,2370,1581,"0,0,2370,1581",True,grabcut_background,False,0.0401,224,224
horse,horse_0017.jpg,D:\CSDLDPT\data\horse\horse_0093.jpg,D:\CSDLDPT\data_aligned\horse\horse_0017.jpg,626,541,"46,2,619,541",True,light_background,True,0.0848,224,224
horse,horse_0018.jpg,D:\CSDLDPT\data\horse\horse_0110.jpg,D:\CSDLDPT\data_aligned\horse\horse_0018.jpg,750,714,"13,15,750,531",True,grabcut_background,True,0.0930,224,224
horse,horse_0019.jpg,D:\CSDLDPT\data\horse\horse_0114.jpg,D:\CSDLDPT\data_aligned\horse\horse_0019.jpg,1632,1224,"43,69,1574,1182",True,grabcut_background,False,0.2449,224,224
horse,horse_0020.jpg,D:\CSDLDPT\data\horse\horse_0116.png,D:\CSDLDPT\data_aligned\horse\horse_0020.jpg,1024,1024,"45,189,976,973",True,grabcut_background,False,0.1712,224,224
horse,horse_0021.jpg,D:\CSDLDPT\data\horse\horse_0124.jpg,D:\CSDLDPT\data_aligned\horse\horse_0021.jpg,800,571,"23,4,743,571",True,light_background,False,0.1621,224,224
horse,horse_0022.jpg,D:\CSDLDPT\data\horse\horse_0125.jpg,D:\CSDLDPT\data_aligned\horse\horse_0022.jpg,800,571,"29,0,795,571",True,light_background,True,0.1310,224,224
horse,horse_0023.jpg,D:\CSDLDPT\data\horse\horse_0127.jpg,D:\CSDLDPT\data_aligned\horse\horse_0023.jpg,1024,681,"0,0,1024,667",True,grabcut_background,True,0.0994,224,224
horse,horse_0024.jpg,D:\CSDLDPT\data\horse\horse_0129.png,D:\CSDLDPT\data_aligned\horse\horse_0024.jpg,592,571,"0,0,592,571",True,grabcut_background,False,0.1022,224,224
horse,horse_0025.jpg,D:\CSDLDPT\data\horse\horse_0146.jpg,D:\CSDLDPT\data_aligned\horse\horse_0025.jpg,800,533,"0,0,800,533",False,light_background,False,0.0681,224,224
horse,horse_0026.jpg,D:\CSDLDPT\data\horse\horse_0147.jpg,D:\CSDLDPT\data_aligned\horse\horse_0026.jpg,1024,681,"54,115,859,647",True,grabcut_background,False,0.1174,224,224
horse,horse_0027.jpg,D:\CSDLDPT\data\horse\horse_0163.png,D:\CSDLDPT\data_aligned\horse\horse_0027.jpg,1200,907,"45,0,1133,907",True,grabcut_background,False,0.0533,224,224
horse,horse_0028.jpg,D:\CSDLDPT\data\horse\horse_0172.jpg,D:\CSDLDPT\data_aligned\horse\horse_0028.jpg,1200,920,"38,0,1133,920",True,grabcut_background,False,0.1504,224,224
horse,horse_0029.jpg,D:\CSDLDPT\data\horse\horse_0175.jpg,D:\CSDLDPT\data_aligned\horse\horse_0029.jpg,2370,1581,"0,0,2370,1581",True,grabcut_background,False,0.0421,224,224
horse,horse_0030.jpg,D:\CSDLDPT\data\horse\horse_0176.jpg,D:\CSDLDPT\data_aligned\horse\horse_0030.jpg,900,618,"73,0,864,618",True,grabcut_background,False,0.1413,224,224
horse,horse_0031.jpg,D:\CSDLDPT\data\horse\horse_0178.jpg,D:\CSDLDPT\data_aligned\horse\horse_0031.jpg,1080,1095,"0,0,1080,1095",False,light_background,False,0.1546,224,224
horse,horse_0032.jpg,D:\CSDLDPT\data\horse\horse_0190.jpg,D:\CSDLDPT\data_aligned\horse\horse_0032.jpg,577,510,"74,0,560,435",True,grabcut_background,False,0.0353,224,224
horse,horse_0033.jpg,D:\CSDLDPT\data\horse\horse_0196.jpg,D:\CSDLDPT\data_aligned\horse\horse_0033.jpg,750,546,"0,0,750,546",False,light_background,False,0.1242,224,224
horse,horse_0034.jpg,D:\CSDLDPT\data\horse\horse_0253.jpg,D:\CSDLDPT\data_aligned\horse\horse_0034.jpg,239,210,"4,1,223,207",True,light_background,True,0.1591,224,224
horse,horse_0035.jpg,D:\CSDLDPT\data\horse\horse_0256.jpg,D:\CSDLDPT\data_aligned\horse\horse_0035.jpg,800,571,"25,0,797,571",True,light_background,False,0.1348,224,224
horse,horse_0036.jpg,D:\CSDLDPT\data\horse\horse_0295.jpg,D:\CSDLDPT\data_aligned\horse\horse_0036.jpg,1080,1373,"69,1,1080,1309",True,grabcut_background,True,0.2817,224,224
horse,horse_0037.jpg,D:\CSDLDPT\data\horse\horse_0355.jpg,D:\CSDLDPT\data_aligned\horse\horse_0037.jpg,1290,1101,"185,53,1255,1090",True,grabcut_background,False,0.1468,224,224
horse,horse_0038.jpg,D:\CSDLDPT\data\horse\horse_0360.jpg,D:\CSDLDPT\data_aligned\horse\horse_0038.jpg,1125,803,"33,79,1097,774",True,grabcut_background,True,0.1642,224,224
horse,horse_0039.jpg,D:\CSDLDPT\data\horse\horse_0423.jpg,D:\CSDLDPT\data_aligned\horse\horse_0039.jpg,1024,1024,"63,0,987,1024",True,grabcut_background,False,0.0249,224,224
pig,pig_0001.jpg,D:\CSDLDPT\data\pig\pig_0005.jpg,D:\CSDLDPT\data_aligned\pig\pig_0001.jpg,620,388,"26,46,577,388",True,grabcut_background,True,0.2984,224,224
pig,pig_0002.jpg,D:\CSDLDPT\data\pig\pig_0017.jpg,D:\CSDLDPT\data_aligned\pig\pig_0002.jpg,750,624,"72,174,716,539",True,light_background,False,0.0688,224,224
pig,pig_0003.jpg,D:\CSDLDPT\data\pig\pig_0035.webp,D:\CSDLDPT\data_aligned\pig\pig_0003.jpg,739,415,"34,0,726,415",True,grabcut_background,True,0.1887,224,224
pig,pig_0004.jpg,D:\CSDLDPT\data\pig\pig_0122.jpg,D:\CSDLDPT\data_aligned\pig\pig_0004.jpg,533,400,"0,0,533,341",True,grabcut_background,True,0.1936,224,224
pig,pig_0005.jpg,D:\CSDLDPT\data\pig\pig_0125.jpg,D:\CSDLDPT\data_aligned\pig\pig_0005.jpg,900,619,"0,29,900,596",True,grabcut_background,True,0.1515,224,224
pig,pig_0006.jpg,D:\CSDLDPT\data\pig\pig_0173.jpg,D:\CSDLDPT\data_aligned\pig\pig_0006.jpg,600,526,"0,114,600,469",True,grabcut_background,False,0.2327,224,224
pig,pig_0007.jpg,D:\CSDLDPT\data\pig\pig_0227.jpg,D:\CSDLDPT\data_aligned\pig\pig_0007.jpg,350,224,"0,7,350,224",True,grabcut_background,False,0.1140,224,224
pig,pig_0008.jpg,D:\CSDLDPT\data\pig\pig_0228.png,D:\CSDLDPT\data_aligned\pig\pig_0008.jpg,945,614,"0,60,945,611",True,grabcut_background,False,0.0378,224,224
pig,pig_0009.jpg,D:\CSDLDPT\data\pig\pig_0327.jpg,D:\CSDLDPT\data_aligned\pig\pig_0009.jpg,946,667,"0,52,907,655",True,grabcut_background,True,0.1262,224,224
pig,pig_0010.jpg,D:\CSDLDPT\data\pig\pig_0370.jpg,D:\CSDLDPT\data_aligned\pig\pig_0010.jpg,448,299,"8,0,448,278",True,grabcut_background,True,0.2957,224,224
pig,pig_0011.jpg,D:\CSDLDPT\data\pig\pig_0376.jpg,D:\CSDLDPT\data_aligned\pig\pig_0011.jpg,600,400,"0,11,600,400",True,grabcut_background,True,0.2501,224,224
pig,pig_0012.jpg,D:\CSDLDPT\data\pig\pig_0396.jpg,D:\CSDLDPT\data_aligned\pig\pig_0012.jpg,600,450,"0,60,600,429",True,grabcut_background,False,0.0210,224,224
pig,pig_0013.jpg,D:\CSDLDPT\data\pig\pig_0412.jpg,D:\CSDLDPT\data_aligned\pig\pig_0013.jpg,738,416,"0,0,738,416",True,grabcut_background,False,0.1842,224,224
pig,pig_0014.jpg,D:\CSDLDPT\data\pig\pig_0417.jpg,D:\CSDLDPT\data_aligned\pig\pig_0014.jpg,718,717,"40,28,711,627",True,grabcut_background,False,0.0508,224,224
pig,pig_0015.jpg,D:\CSDLDPT\data\pig\pig_0462.jpg,D:\CSDLDPT\data_aligned\pig\pig_0015.jpg,460,307,"0,0,460,237",True,grabcut_background,False,0.0423,224,224
pig,pig_0016.jpg,D:\CSDLDPT\data\pig\pig_0466.jpg,D:\CSDLDPT\data_aligned\pig\pig_0016.jpg,640,426,"25,17,640,419",True,grabcut_background,True,0.2573,224,224
pig,pig_0017.jpg,D:\CSDLDPT\data\pig\pig_0486.jpg,D:\CSDLDPT\data_aligned\pig\pig_0017.jpg,880,586,"74,139,822,586",True,light_background,True,0.1813,224,224
rabbit,rabbit_0001.jpg,D:\CSDLDPT\data\rabbit\rabbit1.jpg,D:\CSDLDPT\data_aligned\rabbit\rabbit_0001.jpg,500,426,"43,0,428,426",True,grabcut_background,False,0.5279,224,224
rabbit,rabbit_0002.jpg,D:\CSDLDPT\data\rabbit\rabbit10.jpg,D:\CSDLDPT\data_aligned\rabbit\rabbit_0002.jpg,888,706,"0,0,821,706",True,grabcut_background,False,0.8538,224,224
rabbit,rabbit_0003.jpg,D:\CSDLDPT\data\rabbit\rabbit2.jpg,D:\CSDLDPT\data_aligned\rabbit\rabbit_0003.jpg,1000,811,"6,0,891,811",True,light_background,False,0.6793,224,224
rabbit,rabbit_0004.jpg,D:\CSDLDPT\data\rabbit\rabbit3.jpg,D:\CSDLDPT\data_aligned\rabbit\rabbit_0004.jpg,720,714,"0,14,673,678",True,grabcut_background,False,0.2842,224,224
rabbit,rabbit_0005.jpg,D:\CSDLDPT\data\rabbit\rabbit4.jpg,D:\CSDLDPT\data_aligned\rabbit\rabbit_0005.jpg,1029,759,"0,0,1029,759",False,light_background,False,0.1133,224,224
rabbit,rabbit_0006.jpg,D:\CSDLDPT\data\rabbit\rabbit5.jpg,D:\CSDLDPT\data_aligned\rabbit\rabbit_0006.jpg,587,587,"13,0,565,587",True,light_background,False,0.3942,224,224
rabbit,rabbit_0007.jpg,D:\CSDLDPT\data\rabbit\rabbit6.jpg,D:\CSDLDPT\data_aligned\rabbit\rabbit_0007.jpg,768,517,"0,20,754,517",True,light_background,False,0.2755,224,224
rabbit,rabbit_0008.jpg,D:\CSDLDPT\data\rabbit\rabbit7.jpg,D:\CSDLDPT\data_aligned\rabbit\rabbit_0008.jpg,626,469,"0,0,591,469",True,light_background,False,0.3649,224,224
rabbit,rabbit_0009.jpg,D:\CSDLDPT\data\rabbit\rabbit8.jpg,D:\CSDLDPT\data_aligned\rabbit\rabbit_0009.jpg,1200,955,"0,0,1200,955",False,light_background,False,0.1575,224,224
rabbit,rabbit_0010.jpg,D:\CSDLDPT\data\rabbit\rabbit9.jpg,D:\CSDLDPT\data_aligned\rabbit\rabbit_0010.jpg,570,417,"22,0,526,417",True,light_background,False,0.5374,224,224
rabbit,rabbit_0011.jpg,D:\CSDLDPT\data\rabbit\rabbit_0043.jpg,D:\CSDLDPT\data_aligned\rabbit\rabbit_0011.jpg,828,939,"28,91,812,862",True,light_background,False,0.3712,224,224
rabbit,rabbit_0012.jpg,D:\CSDLDPT\data\rabbit\rabbit_0069.jpg,D:\CSDLDPT\data_aligned\rabbit\rabbit_0012.jpg,464,310,"51,0,438,310",True,grabcut_background,False,0.1150,224,224
rabbit,rabbit_0013.jpg,D:\CSDLDPT\data\rabbit\rabbit_0073.jpg,D:\CSDLDPT\data_aligned\rabbit\rabbit_0013.jpg,736,491,"5,0,645,491",True,grabcut_background,False,0.4217,224,224
rabbit,rabbit_0014.jpg,D:\CSDLDPT\data\rabbit\rabbit_0148.jpg,D:\CSDLDPT\data_aligned\rabbit\rabbit_0014.jpg,450,295,"37,6,429,295",True,light_background,True,0.1978,224,224
rabbit,rabbit_0015.jpg,D:\CSDLDPT\data\rabbit\rabbit_0172.jpg,D:\CSDLDPT\data_aligned\rabbit\rabbit_0015.jpg,400,434,"3,0,370,434",True,light_background,False,0.4750,224,224
rabbit,rabbit_0016.jpg,D:\CSDLDPT\data\rabbit\rabbit_0211.jpg,D:\CSDLDPT\data_aligned\rabbit\rabbit_0016.jpg,828,1147,"0,25,828,1113",True,light_background,False,0.4493,224,224
rabbit,rabbit_0017.jpg,D:\CSDLDPT\data\rabbit\rabbit_0215.jpg,D:\CSDLDPT\data_aligned\rabbit\rabbit_0017.jpg,800,530,"10,0,666,525",True,light_background,False,0.1437,224,224
rabbit,rabbit_0018.jpg,D:\CSDLDPT\data\rabbit\rabbit_0361.jpg,D:\CSDLDPT\data_aligned\rabbit\rabbit_0018.jpg,800,800,"60,119,800,800",True,light_background,True,0.3293,224,224
rabbit,rabbit_0019.jpg,D:\CSDLDPT\data\rabbit\rabbit_0401.jpg,D:\CSDLDPT\data_aligned\rabbit\rabbit_0019.jpg,800,800,"0,106,687,782",True,light_background,False,0.4587,224,224
rabbit,rabbit_0020.jpg,D:\CSDLDPT\data\rabbit\rabbit_0425.jpg,D:\CSDLDPT\data_aligned\rabbit\rabbit_0020.jpg,400,352,"24,7,400,352",True,light_background,True,0.5522,224,224
rabbit,rabbit_0021.jpg,D:\CSDLDPT\data\rabbit\rabbit_0432.jpg,D:\CSDLDPT\data_aligned\rabbit\rabbit_0021.jpg,1200,1595,"0,363,1200,1595",True,light_background,False,0.1694,224,224
rabbit,rabbit_0022.jpg,D:\CSDLDPT\data\rabbit\rabbit_0464.jpg,D:\CSDLDPT\data_aligned\rabbit\rabbit_0022.jpg,794,1058,"95,92,706,1030",True,grabcut_background,True,0.3799,224,224
rhino,rhino_0001.jpg,D:\CSDLDPT\data\rhino\13.jpg,D:\CSDLDPT\data_aligned\rhino\rhino_0001.jpg,473,266,"0,0,473,266",False,light_background,True,0.4210,224,224
rhino,rhino_0002.jpg,D:\CSDLDPT\data\rhino\14.jpg,D:\CSDLDPT\data_aligned\rhino\rhino_0002.jpg,474,355,"18,8,474,318",True,grabcut_background,True,0.4266,224,224
rhino,rhino_0003.jpg,D:\CSDLDPT\data\rhino\18.jpg,D:\CSDLDPT\data_aligned\rhino\rhino_0003.jpg,474,711,"0,82,474,526",True,grabcut_background,False,0.1374,224,224
rhino,rhino_0004.jpg,D:\CSDLDPT\data\rhino\rhino_0068.jpg,D:\CSDLDPT\data_aligned\rhino\rhino_0004.jpg,425,369,"0,87,425,324",True,grabcut_background,False,0.3435,224,224
rhino,rhino_0005.jpg,D:\CSDLDPT\data\rhino\rhino_0150.jpg,D:\CSDLDPT\data_aligned\rhino\rhino_0005.jpg,880,586,"0,83,850,551",True,light_background,False,0.2463,224,224
rhino,rhino_0006.jpg,D:\CSDLDPT\data\rhino\rhino_0154.jpg,D:\CSDLDPT\data_aligned\rhino\rhino_0006.jpg,725,483,"15,29,658,457",True,grabcut_background,True,0.1749,224,224
rhino,rhino_0007.jpg,D:\CSDLDPT\data\rhino\rhino_0170.jpg,D:\CSDLDPT\data_aligned\rhino\rhino_0007.jpg,930,620,"47,97,930,612",True,grabcut_background,False,0.5123,224,224
rhino,rhino_0008.jpg,D:\CSDLDPT\data\rhino\rhino_0333.jpg,D:\CSDLDPT\data_aligned\rhino\rhino_0008.jpg,626,393,"0,0,626,393",True,light_background,False,0.0407,224,224
rhino,rhino_0009.jpg,D:\CSDLDPT\data\rhino\rhino_0343.jpg,D:\CSDLDPT\data_aligned\rhino\rhino_0009.jpg,1440,980,"60,62,1356,911",True,light_background,False,0.1178,224,224
rhino,rhino_0010.jpg,D:\CSDLDPT\data\rhino\rhino_0374.jpg,D:\CSDLDPT\data_aligned\rhino\rhino_0010.jpg,2154,1392,"0,75,2154,1392",True,light_background,False,0.1735,224,224
rhino,rhino_0011.jpg,D:\CSDLDPT\data\rhino\rhino_0394.jpg,D:\CSDLDPT\data_aligned\rhino\rhino_0011.jpg,820,547,"7,92,767,547",True,grabcut_background,True,0.1370,224,224
rhino,rhino_0012.jpg,D:\CSDLDPT\data\rhino\Screenshot 2026-05-01 110043.png,D:\CSDLDPT\data_aligned\rhino\rhino_0012.jpg,497,305,"0,34,484,305",True,grabcut_background,False,0.0215,224,224
rhino,rhino_0013.jpg,D:\CSDLDPT\data\rhino\Screenshot 2026-05-01 110048.png,D:\CSDLDPT\data_aligned\rhino\rhino_0013.jpg,486,323,"9,19,486,323",True,grabcut_background,True,0.4078,224,224
rhino,rhino_0014.jpg,D:\CSDLDPT\data\rhino\Screenshot 2026-05-01 110054.png,D:\CSDLDPT\data_aligned\rhino\rhino_0014.jpg,387,255,"23,40,387,238",True,light_background,True,0.3195,224,224
rhino,rhino_0015.jpg,D:\CSDLDPT\data\rhino\Screenshot 2026-05-01 110059.png,D:\CSDLDPT\data_aligned\rhino\rhino_0015.jpg,239,220,"0,0,239,220",False,grabcut_background,False,0.0000,224,224
rhino,rhino_0016.jpg,D:\CSDLDPT\data\rhino\Screenshot 2026-05-01 110121.png,D:\CSDLDPT\data_aligned\rhino\rhino_0016.jpg,419,271,"0,23,419,271",True,grabcut_background,True,0.4136,224,224
rhino,rhino_0017.jpg,D:\CSDLDPT\data\rhino\Screenshot 2026-05-01 110256.png,D:\CSDLDPT\data_aligned\rhino\rhino_0017.jpg,431,247,"69,61,332,216",True,grabcut_background,True,0.2790,224,224
tiger,tiger_0001.jpg,D:\CSDLDPT\data\tiger\tiger 4.jpg,D:\CSDLDPT\data_aligned\tiger\tiger_0001.jpg,1200,763,"48,0,1153,763",True,grabcut_background,False,0.0118,224,224
tiger,tiger_0002.jpg,D:\CSDLDPT\data\tiger\tiger3.jpg,D:\CSDLDPT\data_aligned\tiger\tiger_0002.jpg,1024,543,"0,0,1024,543",False,light_background,False,0.2204,224,224
tiger,tiger_0003.jpg,D:\CSDLDPT\data\tiger\tiger5.jpg,D:\CSDLDPT\data_aligned\tiger\tiger_0003.jpg,751,533,"50,0,735,526",True,grabcut_background,False,0.3100,224,224
tiger,tiger_0004.jpg,D:\CSDLDPT\data\tiger\tiger6.jpg,D:\CSDLDPT\data_aligned\tiger\tiger_0004.jpg,1086,649,"206,2,922,549",True,grabcut_background,False,0.0327,224,224
tiger,tiger_0005.jpg,D:\CSDLDPT\data\tiger\tiger7.jpg,D:\CSDLDPT\data_aligned\tiger\tiger_0005.jpg,945,601,"82,0,945,601",True,grabcut_background,True,0.1461,224,224
tiger,tiger_0006.jpg,D:\CSDLDPT\data\tiger\tiger8.jpg,D:\CSDLDPT\data_aligned\tiger\tiger_0006.jpg,536,270,"67,0,526,270",True,grabcut_background,False,0.0362,224,224
tiger,tiger_0007.jpg,D:\CSDLDPT\data\tiger\tiger9.jpg,D:\CSDLDPT\data_aligned\tiger\tiger_0007.jpg,1156,704,"32,0,1156,704",True,grabcut_background,False,0.0541,224,224
tiger,tiger_0008.jpg,D:\CSDLDPT\data\tiger\tiger_0140.jpg,D:\CSDLDPT\data_aligned\tiger\tiger_0008.jpg,1000,666,"0,0,1000,666",True,light_background,True,0.4150,224,224
tiger,tiger_0009.jpg,D:\CSDLDPT\data\tiger\tiger_0166.jpg,D:\CSDLDPT\data_aligned\tiger\tiger_0009.jpg,1000,667,"0,8,969,667",True,light_background,False,0.5992,224,224
tiger,tiger_0010.jpg,D:\CSDLDPT\data\tiger\tiger_0212.jpg,D:\CSDLDPT\data_aligned\tiger\tiger_0010.jpg,800,529,"76,71,724,529",True,grabcut_background,False,0.0654,224,224
tiger,tiger_0011.jpg,D:\CSDLDPT\data\tiger\tiger_0338.png,D:\CSDLDPT\data_aligned\tiger\tiger_0011.jpg,1470,980,"14,0,1470,980",True,grabcut_background,True,0.2006,224,224
tiger,tiger_0012.jpg,D:\CSDLDPT\data\tiger\tiger_0364.jpg,D:\CSDLDPT\data_aligned\tiger\tiger_0012.jpg,1080,809,"104,77,1051,809",True,grabcut_background,False,0.0316,224,224
tiger,tiger_0013.jpg,D:\CSDLDPT\data\tiger\tiger_0370.png,D:\CSDLDPT\data_aligned\tiger\tiger_0013.jpg,1470,980,"149,0,1455,980",True,grabcut_background,False,0.1559,224,224
tiger,tiger_0014.jpg,D:\CSDLDPT\data\tiger\tiger_0396.png,D:\CSDLDPT\data_aligned\tiger\tiger_0014.jpg,1456,816,"2,0,1456,816",True,light_background,True,0.2586,224,224
tiger,tiger_0015.jpg,D:\CSDLDPT\data\tiger\tiger_0398.webp,D:\CSDLDPT\data_aligned\tiger\tiger_0015.jpg,1000,671,"33,51,908,671",True,light_background,False,0.2844,224,224
zebra,zebra_0001.jpg,D:\CSDLDPT\data\zebra\101.jpg,D:\CSDLDPT\data_aligned\zebra\zebra_0001.jpg,474,312,"26,0,458,312",True,grabcut_background,False,0.0656,224,224
zebra,zebra_0002.jpg,D:\CSDLDPT\data\zebra\102.jpg,D:\CSDLDPT\data_aligned\zebra\zebra_0002.jpg,473,355,"37,7,473,279",True,grabcut_background,False,0.0707,224,224
zebra,zebra_0003.jpg,D:\CSDLDPT\data\zebra\103.jpg,D:\CSDLDPT\data_aligned\zebra\zebra_0003.jpg,473,360,"60,54,345,285",True,grabcut_background,True,0.1119,224,224
zebra,zebra_0004.jpg,D:\CSDLDPT\data\zebra\104.jpg,D:\CSDLDPT\data_aligned\zebra\zebra_0004.jpg,474,474,"0,29,474,423",True,grabcut_background,True,0.1618,224,224
zebra,zebra_0005.jpg,D:\CSDLDPT\data\zebra\105.jpg,D:\CSDLDPT\data_aligned\zebra\zebra_0005.jpg,474,355,"32,17,406,286",True,grabcut_background,False,0.3147,224,224
zebra,zebra_0006.jpg,D:\CSDLDPT\data\zebra\107.jpg,D:\CSDLDPT\data_aligned\zebra\zebra_0006.jpg,474,308,"64,18,431,230",True,grabcut_background,False,0.0297,224,224
zebra,zebra_0007.jpg,D:\CSDLDPT\data\zebra\108.jpg,D:\CSDLDPT\data_aligned\zebra\zebra_0007.jpg,474,316,"32,0,464,230",True,grabcut_background,False,0.0982,224,224
zebra,zebra_0008.jpg,D:\CSDLDPT\data\zebra\109.jpg,D:\CSDLDPT\data_aligned\zebra\zebra_0008.jpg,271,259,"32,0,244,238",True,grabcut_background,False,0.3632,224,224
zebra,zebra_0009.jpg,D:\CSDLDPT\data\zebra\110.jpg,D:\CSDLDPT\data_aligned\zebra\zebra_0009.jpg,474,355,"20,43,355,245",True,grabcut_background,False,0.0365,224,224
zebra,zebra_0010.jpg,D:\CSDLDPT\data\zebra\zebra_0053.jpg,D:\CSDLDPT\data_aligned\zebra\zebra_0010.jpg,598,720,"81,137,576,543",True,grabcut_background,False,0.0319,224,224
zebra,zebra_0011.jpg,D:\CSDLDPT\data\zebra\zebra_0055.jpg,D:\CSDLDPT\data_aligned\zebra\zebra_0011.jpg,2400,2249,"0,46,2369,1529",True,grabcut_background,False,0.0851,224,224
zebra,zebra_0012.jpg,D:\CSDLDPT\data\zebra\zebra_0074.jpg,D:\CSDLDPT\data_aligned\zebra\zebra_0012.jpg,703,544,"30,0,703,517",True,grabcut_background,False,0.0451,224,224
zebra,zebra_0013.jpg,D:\CSDLDPT\data\zebra\zebra_0122.jpg,D:\CSDLDPT\data_aligned\zebra\zebra_0013.jpg,880,586,"0,0,880,586",True,light_background,False,0.0522,224,224
zebra,zebra_0014.jpg,D:\CSDLDPT\data\zebra\zebra_0197.jpg,D:\CSDLDPT\data_aligned\zebra\zebra_0014.jpg,386,331,"7,3,386,293",True,grabcut_background,False,0.1171,224,224
zebra,zebra_0015.jpg,D:\CSDLDPT\data\zebra\zebra_0299.jpg,D:\CSDLDPT\data_aligned\zebra\zebra_0015.jpg,1200,801,"190,13,1094,654",True,grabcut_background,True,0.2138,224,224
zebra,zebra_0016.jpg,D:\CSDLDPT\data\zebra\zebra_0307.png,D:\CSDLDPT\data_aligned\zebra\zebra_0016.jpg,509,339,"37,16,465,339",True,light_background,False,0.0141,224,224
zebra,zebra_0017.jpg,D:\CSDLDPT\data\zebra\zebra_0338.jpg,D:\CSDLDPT\data_aligned\zebra\zebra_0017.jpg,720,836,"65,8,687,836",True,grabcut_background,True,0.1770,224,224
zebra,zebra_0018.jpg,D:\CSDLDPT\data\zebra\zebra_0343.jpg,D:\CSDLDPT\data_aligned\zebra\zebra_0018.jpg,626,556,"36,18,575,541",True,grabcut_background,False,0.0042,224,224
zebra,zebra_0019.jpg,D:\CSDLDPT\data\zebra\zebra_0361.jpg,D:\CSDLDPT\data_aligned\zebra\zebra_0019.jpg,736,827,"0,0,736,827",True,light_background,False,0.1002,224,224
